{"cameraMode":{"drawMode":0,"name":"Shaded","section":"Shading Mode"},"sceneLighting":false,"audioPlay":false,"sceneViewState":{"m_AlwaysRefresh":false,"showFog":true,"showSkybox":false,"showFlares":true,"showImageEffects":true,"showParticleSystems":true,"showVisualEffectGraphs":true,"m_FxEnabled":true},"in2DMode":false,"pivot":{"x":-1.5901215076446534,"y":1.2568597793579102,"z":-8.774805068969727},"rotation":{"x":-0.008775928989052773,"y":-0.9586691856384277,"z":0.28181135654449465,"w":-0.031108669936656953},"size":23.382221221923829,"orthographic":false}