{"cameraMode":{"drawMode":0,"name":"Shaded","section":"Shading Mode"},"sceneLighting":false,"audioPlay":false,"sceneViewState":{"m_AlwaysRefresh":false,"showFog":true,"showSkybox":false,"showFlares":true,"showImageEffects":true,"showParticleSystems":true,"showVisualEffectGraphs":true,"m_FxEnabled":true},"in2DMode":false,"pivot":{"x":-0.2582474648952484,"y":0.6157645583152771,"z":0.03064419887959957},"rotation":{"x":0.007023993879556656,"y":-0.9600021839141846,"z":0.2784561216831207,"w":0.02456502616405487},"size":1.3267803192138672,"orthographic":false}