{"cameraMode":{"drawMode":0,"name":"Shaded","section":"Shading Mode"},"sceneLighting":true,"audioPlay":false,"sceneViewState":{"m_AlwaysRefresh":false,"showFog":true,"showSkybox":false,"showFlares":true,"showImageEffects":true,"showParticleSystems":true,"showVisualEffectGraphs":true,"m_FxEnabled":true},"in2DMode":false,"pivot":{"x":3.5723702907562258,"y":-1.1601969003677369,"z":1.5107938051223755},"rotation":{"x":-0.2677070200443268,"y":-0.19284681975841523,"z":0.05503470078110695,"w":-0.9421420693397522},"size":20.347312927246095,"orthographic":false}